timestamp,open,high,low,close,volume
2024-03-01T00:00:00,61130.990000,63114.230000,60777.000000,62387.900000,47737.934730
2024-03-02T00:00:00,62387.900000,62433.190000,61561.120000,61987.280000,25534.736590
2024-03-03T00:00:00,61987.280000,63231.880000,61320.000000,63113.970000,28994.909030
2024-03-04T00:00:00,63113.970000,68499.000000,62300.000000,68245.710000,84835.160050
2024-03-05T00:00:00,68245.710000,69000.000000,59005.000000,63724.010000,132696.781300
2024-03-06T00:00:00,63724.010000,67641.100000,62779.140000,66074.040000,78738.854910
2024-03-07T00:00:00,66074.040000,67980.000000,65551.000000,66823.170000,53059.886900
2024-03-08T00:00:00,66823.180000,69990.000000,66082.660000,68124.190000,74261.932842
2024-03-09T00:00:00,68124.200000,68541.100000,67861.100000,68313.270000,19872.897430
2024-03-10T00:00:00,68313.280000,69887.610000,68094.750000,68955.880000,38404.668350
2024-03-11T00:00:00,68955.880000,72800.000000,67024.960000,72078.100000,75292.825726
2024-03-12T00:00:00,72078.100000,73000.000000,68620.820000,71452.010000,68783.546691
2024-03-13T00:00:00,71452.000000,73650.250000,71333.310000,73072.410000,52659.711647
2024-03-14T00:00:00,73072.400000,73777.000000,68555.000000,71388.940000,71757.628746
2024-03-15T00:00:00,71388.940000,72419.710000,65600.000000,69499.850000,103334.035460
2024-03-16T00:00:00,69499.840000,70043.000000,64780.000000,65300.630000,55926.953360
2024-03-17T00:00:00,65300.640000,68904.400000,64533.000000,68393.480000,49742.215890
2024-03-18T00:00:00,68393.470000,68956.000000,66565.200000,67609.990000,55691.080880
2024-03-19T00:00:00,67610.000000,68124.110000,61555.000000,61937.400000,101005.324870
2024-03-20T00:00:00,61937.410000,68100.000000,60775.000000,67840.510000,90420.585920
2024-03-21T00:00:00,67840.510000,68240.470000,64529.010000,65501.270000,53357.480020
2024-03-22T00:00:00,65501.280000,66649.620000,62260.000000,63796.640000,51482.378210
2024-03-23T00:00:00,63796.640000,65999.000000,63000.000000,63990.010000,26410.114090
2024-03-24T00:00:00,63990.020000,67628.690000,63772.290000,67209.990000,31395.780150
2024-03-25T00:00:00,67210.000000,71150.000000,66385.060000,69880.010000,53431.144860
2024-03-26T00:00:00,69880.000000,71561.100000,69280.000000,69988.000000,38934.384170
2024-03-27T00:00:00,69987.990000,71769.540000,68359.180000,69469.990000,49119.356850
2024-03-28T00:00:00,69469.990000,71552.060000,68903.620000,70780.600000,35439.032390
2024-03-29T00:00:00,70780.600000,70916.160000,69009.000000,69850.540000,25445.083530
2024-03-30T00:00:00,69850.530000,70321.100000,69540.000000,69582.180000,13644.611420
2024-03-31T00:00:00,69582.170000,71366.000000,69562.990000,71280.010000,19396.344330
2024-04-01T00:00:00,71280.000000,71288.230000,68062.860000,69649.800000,41445.320390
2024-04-02T00:00:00,69649.810000,69674.230000,64550.000000,65463.990000,71799.827930
2024-04-03T00:00:00,65463.990000,66903.630000,64493.070000,65963.280000,39887.217780
2024-04-04T00:00:00,65963.270000,69309.910000,65064.520000,68487.790000,41510.484530
2024-04-05T00:00:00,68487.800000,68756.670000,65952.560000,67820.620000,37915.230730
2024-04-06T00:00:00,67820.630000,69692.000000,67447.830000,68896.000000,20134.289190
2024-04-07T00:00:00,68896.000000,70326.290000,68824.000000,69360.390000,21534.744330
2024-04-08T00:00:00,69360.380000,72797.990000,69043.240000,71620.000000,45723.876240
2024-04-09T00:00:00,71620.000000,71758.190000,68210.000000,69146.000000,39293.902420
2024-04-10T00:00:00,69146.000000,71172.080000,67518.000000,70631.080000,42006.023770
2024-04-11T00:00:00,70631.080000,71305.890000,69567.210000,70006.230000,31917.255950
2024-04-12T00:00:00,70006.220000,71227.460000,65086.860000,67116.520000,56072.862290
2024-04-13T00:00:00,67116.520000,67929.000000,60660.570000,63924.510000,71395.220190
2024-04-14T00:00:00,63924.520000,65840.000000,62134.000000,65661.840000,61599.178180
2024-04-15T00:00:00,65661.850000,66867.070000,62274.400000,63419.990000,52389.530690
2024-04-16T00:00:00,63419.990000,64365.000000,61600.000000,63793.390000,53435.293310
2024-04-17T00:00:00,63793.400000,64499.000000,59678.160000,61277.370000,50610.545090
2024-04-18T00:00:00,61277.380000,64117.090000,60803.350000,63470.080000,43601.609180
2024-04-19T00:00:00,63470.090000,65450.000000,59600.010000,63818.010000,69774.302710
2024-04-20T00:00:00,63818.010000,65419.000000,63090.070000,64940.590000,23137.429750
2024-04-21T00:00:00,64940.580000,65695.560000,64237.500000,64941.150000,19316.421520
2024-04-22T00:00:00,64941.150000,67232.350000,64500.000000,66819.320000,31397.993710
2024-04-23T00:00:00,66819.320000,67183.010000,65765.810000,66414.000000,22599.900040
2024-04-24T00:00:00,66414.000000,67070.430000,63606.060000,64289.590000,33595.696370
2024-04-25T00:00:00,64289.580000,65297.940000,62794.000000,64498.340000,31341.463380
2024-04-26T00:00:00,64498.330000,64820.010000,63297.480000,63770.010000,27085.193460
2024-04-27T00:00:00,63770.000000,63923.410000,62391.240000,63461.980000,20933.060520
2024-04-28T00:00:00,63461.980000,64370.000000,62781.000000,63118.620000,16949.200050
2024-04-29T00:00:00,63118.620000,64228.350000,61765.530000,63866.000000,28150.229470
2024-04-30T00:00:00,63866.000000,64734.000000,59191.600000,60672.000000,54947.655350
2024-05-01T00:00:00,60672.010000,60841.630000,56552.820000,58364.970000,81166.468230
2024-05-02T00:00:00,58364.970000,59625.000000,56911.840000,59060.610000,47583.819610
2024-05-03T00:00:00,59060.600000,63333.000000,58811.320000,62882.010000,43628.401430
2024-05-04T00:00:00,62882.010000,64540.000000,62541.030000,63892.040000,24368.692820
2024-05-05T00:00:00,63892.030000,64646.000000,62822.170000,64012.000000,18526.750290
2024-05-06T00:00:00,64012.000000,65500.000000,62700.000000,63165.190000,34674.919490
2024-05-07T00:00:00,63165.180000,64422.410000,62261.000000,62312.080000,25598.794720
2024-05-08T00:00:00,62312.070000,63020.220000,60888.000000,61193.030000,26121.190040
2024-05-09T00:00:00,61193.030000,63429.030000,60630.000000,63074.010000,30660.806100
2024-05-10T00:00:00,63074.000000,63469.130000,60187.120000,60799.990000,36529.340250
2024-05-11T00:00:00,60799.990000,61515.000000,60487.090000,60825.990000,13374.569360
2024-05-12T00:00:00,60825.990000,61888.000000,60610.000000,61483.990000,12753.132360
2024-05-13T00:00:00,61484.000000,63450.000000,60749.210000,62940.080000,32733.418390
2024-05-14T00:00:00,62940.090000,63118.360000,61142.770000,61577.490000,29088.720410
2024-05-15T00:00:00,61577.490000,66444.160000,61319.470000,66206.500000,43559.747190
2024-05-16T00:00:00,66206.510000,66752.010000,64602.770000,65235.210000,31106.367100
2024-05-17T00:00:00,65235.210000,67451.200000,65106.380000,67024.000000,26292.234090
2024-05-18T00:00:00,67024.000000,67400.010000,66600.000000,66915.200000,14441.257740
2024-05-19T00:00:00,66915.200000,67700.000000,65857.250000,66274.010000,18025.304090
2024-05-20T00:00:00,66274.000000,71515.560000,66060.310000,71446.620000,50816.701100
2024-05-21T00:00:00,71446.620000,71979.000000,69162.940000,70148.340000,49607.433600
2024-05-22T00:00:00,70148.340000,70666.000000,68842.190000,69166.620000,27673.180260
2024-05-23T00:00:00,69166.620000,70096.120000,66312.160000,67969.650000,40513.173740
2024-05-24T00:00:00,67969.660000,69250.000000,66600.120000,68549.990000,28095.836640
2024-05-25T00:00:00,68549.990000,69610.000000,68500.000000,69290.570000,12130.394180
2024-05-26T00:00:00,69290.560000,69562.230000,68128.010000,68507.670000,11872.117970
2024-05-27T00:00:00,68507.670000,70687.560000,68250.000000,69436.430000,23136.927370
2024-05-28T00:00:00,69436.430000,69591.810000,67277.910000,68398.390000,32622.970420
2024-05-29T00:00:00,68398.400000,68935.680000,67124.650000,67652.420000,23159.831490
2024-05-30T00:00:00,67652.410000,69500.000000,67128.000000,68352.170000,28478.218400
2024-05-31T00:00:00,68352.170000,69044.100000,66670.000000,67540.010000,26690.321840
2024-06-01T00:00:00,67540.010000,67900.000000,67428.440000,67766.850000,8837.661330
2024-06-02T00:00:00,67766.840000,68460.000000,67257.470000,67765.630000,15426.325290
2024-06-03T00:00:00,67765.620000,70288.000000,67612.480000,68809.900000,29633.374000
2024-06-04T00:00:00,68809.890000,71063.450000,68567.320000,70537.840000,29619.784890
2024-06-05T00:00:00,70537.830000,71758.000000,70383.660000,71108.000000,28703.180820
2024-06-06T00:00:00,71108.000000,71700.000000,70117.640000,70799.060000,21842.004490
2024-06-07T00:00:00,70799.060000,71997.020000,68420.000000,69355.600000,35598.450450
2024-06-08T00:00:00,69355.600000,69582.200000,69168.020000,69310.460000,9773.829670
2024-06-09T00:00:00,69310.460000,69857.140000,69130.240000,69648.140000,9890.567090
2024-06-10T00:00:00,69648.150000,70195.940000,69172.290000,69540.000000,17122.669410
2024-06-11T00:00:00,69540.000000,69590.010000,66051.000000,67314.240000,41436.015880
2024-06-12T00:00:00,67314.230000,69999.000000,66905.000000,68263.990000,37175.323560
2024-06-13T00:00:00,68263.980000,68449.300000,66251.780000,66773.010000,29079.555710
2024-06-14T00:00:00,66773.010000,67370.240000,65078.000000,66043.990000,28408.187970
2024-06-15T00:00:00,66043.990000,66478.480000,65857.100000,66228.250000,11451.802420
2024-06-16T00:00:00,66228.250000,66998.700000,66034.500000,66676.870000,9392.522230
2024-06-17T00:00:00,66676.860000,67298.810000,65130.000000,66504.330000,27386.168510
2024-06-18T00:00:00,66504.330000,66588.230000,64060.000000,65175.320000,42350.102440
2024-06-19T00:00:00,65175.320000,65727.540000,64666.000000,64974.370000,20060.795760
2024-06-20T00:00:00,64974.370000,66482.940000,64559.150000,64869.990000,24265.290310
2024-06-21T00:00:00,64869.990000,65066.660000,63379.350000,64143.560000,25993.564420
2024-06-22T00:00:00,64143.560000,64546.810000,63943.820000,64262.010000,7308.955420
2024-06-23T00:00:00,64262.010000,64521.000000,63178.320000,63210.010000,8224.454470
2024-06-24T00:00:00,63210.010000,63369.800000,58402.000000,60293.300000,52161.354140
2024-06-25T00:00:00,60293.300000,62420.000000,60257.060000,61806.010000,31189.243610
2024-06-26T00:00:00,61806.010000,62487.810000,60712.000000,60864.990000,22485.664630
2024-06-27T00:00:00,60864.980000,62389.220000,60606.630000,61706.470000,18344.286310
2024-06-28T00:00:00,61706.460000,62225.310000,60063.000000,60427.840000,24821.192550
2024-06-29T00:00:00,60427.840000,61224.000000,60383.770000,60986.680000,11509.559040
2024-06-30T00:00:00,60986.680000,63058.760000,60712.210000,62772.010000,17326.301360
2024-07-01T00:00:00,62772.010000,63861.760000,62497.200000,62899.990000,24547.105380
2024-07-02T00:00:00,62900.000000,63288.830000,61806.280000,62135.470000,18573.118750
2024-07-03T00:00:00,62135.460000,62285.940000,59400.000000,60208.580000,32160.111270
2024-07-04T00:00:00,60208.570000,60498.190000,56771.000000,57050.010000,54568.772760
2024-07-05T00:00:00,57050.020000,57546.000000,53485.930000,56628.790000,81348.247560
2024-07-06T00:00:00,56628.790000,58475.000000,56018.000000,58230.130000,21651.315580
2024-07-07T00:00:00,58230.130000,58449.460000,55724.370000,55857.810000,19118.939180
2024-07-08T00:00:00,55857.810000,58236.730000,54260.160000,56714.620000,48090.204900
2024-07-09T00:00:00,56714.610000,58296.000000,56289.450000,58050.000000,27732.207880
2024-07-10T00:00:00,58050.000000,59470.000000,57157.790000,57725.850000,24951.737990
2024-07-11T00:00:00,57725.850000,59650.000000,57050.000000,57339.890000,29761.057350
2024-07-12T00:00:00,57339.890000,58526.680000,56542.470000,57889.100000,23652.456900
2024-07-13T00:00:00,57889.090000,59850.000000,57756.630000,59204.020000,15357.745190
2024-07-14T00:00:00,59204.010000,61420.690000,59194.010000,60797.910000,21178.339070
2024-07-15T00:00:00,60797.910000,64900.000000,60632.300000,64724.140000,38690.978200
2024-07-16T00:00:00,64724.060000,65388.970000,62373.240000,65043.990000,42530.529150
2024-07-17T00:00:00,65044.000000,66128.630000,63854.000000,64087.990000,29567.529540
2024-07-18T00:00:00,64087.990000,65133.300000,63238.480000,63987.920000,22568.722500
2024-07-19T00:00:00,63987.920000,67386.000000,63300.670000,66660.000000,35634.727390
2024-07-20T00:00:00,66660.010000,67598.000000,66222.460000,67139.960000,14386.924340
2024-07-21T00:00:00,67139.970000,68366.660000,65777.000000,68165.340000,21819.111910
2024-07-22T00:00:00,68165.350000,68474.550000,66559.970000,67532.010000,21451.043030
2024-07-23T00:00:00,67532.000000,67750.980000,65441.080000,65936.010000,31406.153160
2024-07-24T00:00:00,65936.000000,67102.010000,65111.000000,65376.000000,23082.562770
2024-07-25T00:00:00,65376.010000,66175.490000,63456.700000,65799.950000,35126.429340
2024-07-26T00:00:00,65799.950000,68200.000000,65722.630000,67907.990000,24244.360230
2024-07-27T00:00:00,67908.000000,69399.990000,66650.000000,67896.500000,31710.219210
2024-07-28T00:00:00,67896.490000,68318.430000,67066.660000,68249.880000,10868.693940
2024-07-29T00:00:00,68249.880000,70079.990000,66428.000000,66784.690000,36467.296330
2024-07-30T00:00:00,66784.680000,67000.000000,65302.670000,66188.000000,23132.254410
2024-07-31T00:00:00,66188.000000,66849.240000,64530.000000,64628.000000,22625.439050
2024-08-01T00:00:00,64628.010000,65659.780000,62302.000000,65354.020000,35542.268540
2024-08-02T00:00:00,65354.020000,65596.140000,61230.010000,61498.330000,38820.429370
2024-08-03T00:00:00,61498.340000,62198.220000,59850.000000,60697.990000,28034.715670
2024-08-04T00:00:00,60697.990000,61117.630000,57122.770000,58161.000000,31616.520030
2024-08-05T00:00:00,58161.000000,58305.590000,49000.000000,54018.810000,162065.591860
2024-08-06T00:00:00,54018.820000,57040.990000,53950.000000,56022.010000,55884.776760
2024-08-07T00:00:00,56022.000000,57736.050000,54558.620000,55134.160000,44269.376840
2024-08-08T00:00:00,55133.760000,62745.140000,54730.000000,61685.990000,48349.529490
2024-08-09T00:00:00,61686.000000,61744.370000,59535.000000,60837.990000,30972.480170
2024-08-10T00:00:00,60837.990000,61470.580000,60242.000000,60923.510000,9995.206210
2024-08-11T00:00:00,60923.510000,61858.000000,58286.730000,58712.590000,19189.845120
2024-08-12T00:00:00,58712.590000,60711.090000,57642.210000,59346.640000,37009.917430
2024-08-13T00:00:00,59346.640000,61578.100000,58392.880000,60587.150000,27858.958510
2024-08-14T00:00:00,60587.160000,61800.000000,58433.180000,58683.390000,28422.763260
2024-08-15T00:00:00,58683.390000,59849.380000,56078.540000,57541.060000,37686.176220
2024-08-16T00:00:00,57541.050000,59817.760000,57098.620000,58874.600000,27610.843440
2024-08-17T00:00:00,58874.590000,59700.000000,58785.050000,59491.990000,7721.729310
2024-08-18T00:00:00,59491.990000,60284.990000,58408.920000,58427.350000,13634.857170
2024-08-19T00:00:00,58427.350000,59617.630000,57787.300000,59438.500000,22809.312510
2024-08-20T00:00:00,59438.500000,61400.000000,58548.230000,59013.800000,31477.445480
2024-08-21T00:00:00,59013.800000,61820.930000,58783.470000,61156.030000,27983.642200
2024-08-22T00:00:00,61156.030000,61400.000000,59724.870000,60375.840000,21241.205880
2024-08-23T00:00:00,60375.830000,64955.000000,60342.140000,64037.240000,38118.070890
2024-08-24T00:00:00,64037.240000,64494.500000,63531.000000,64157.010000,15857.156160
2024-08-25T00:00:00,64157.020000,65000.000000,63773.270000,64220.000000,12305.479770
2024-08-26T00:00:00,64219.990000,64481.000000,62800.000000,62834.000000,19470.052760
2024-08-27T00:00:00,62834.000000,63212.000000,58034.010000,59415.000000,35135.941780
2024-08-28T00:00:00,59415.000000,60234.980000,57860.000000,59034.900000,36868.542750
2024-08-29T00:00:00,59034.900000,61166.990000,58713.090000,59359.010000,27020.907430
2024-08-30T00:00:00,59359.000000,59944.070000,57701.100000,59123.990000,28519.321950
2024-08-31T00:00:00,59123.990000,59462.380000,58744.000000,58973.990000,8798.409000
2024-09-01T00:00:00,58974.000000,59076.590000,57201.000000,57301.860000,20705.157410
2024-09-02T00:00:00,57301.770000,59425.690000,57128.000000,59132.130000,22895.014610
2024-09-03T00:00:00,59132.120000,59809.650000,57415.000000,57487.730000,22828.184470
2024-09-04T00:00:00,57487.740000,58519.000000,55606.000000,57970.900000,35560.821460
2024-09-05T00:00:00,57970.900000,58327.070000,55643.650000,56180.000000,27806.914130
2024-09-06T00:00:00,56180.000000,57008.000000,52550.000000,53962.970000,54447.768260
2024-09-07T00:00:00,53962.970000,54850.000000,53745.540000,54160.860000,16694.047740
2024-09-08T00:00:00,54160.860000,55318.000000,53629.010000,54869.950000,16274.147790
2024-09-09T00:00:00,54869.950000,58088.000000,54591.960000,57042.000000,32384.517370
2024-09-10T00:00:00,57042.010000,58044.360000,56386.400000,57635.990000,23626.781260
2024-09-11T00:00:00,57635.990000,57981.710000,55545.190000,57338.000000,33026.567570
2024-09-12T00:00:00,57338.000000,58588.000000,57324.000000,58132.320000,31074.406310
2024-09-13T00:00:00,58132.310000,60625.000000,57632.620000,60498.000000,29825.233330
2024-09-14T00:00:00,60497.990000,60610.450000,59400.000000,59993.030000,12137.909010
2024-09-15T00:00:00,59993.020000,60395.800000,58691.050000,59132.000000,13757.923610
2024-09-16T00:00:00,59132.000000,59210.700000,57493.300000,58213.990000,26477.564200
2024-09-17T00:00:00,58213.990000,61320.000000,57610.010000,60313.990000,33116.258780
2024-09-18T00:00:00,60313.990000,61786.240000,59174.800000,61759.990000,36087.024690
2024-09-19T00:00:00,61759.980000,63850.000000,61555.000000,62947.990000,34332.526080
2024-09-20T00:00:00,62948.000000,64133.320000,62350.000000,63201.050000,25466.377940
2024-09-21T00:00:00,63201.050000,63559.900000,62758.000000,63348.960000,8375.346080
2024-09-22T00:00:00,63348.970000,64000.000000,62357.930000,63578.760000,14242.198920
2024-09-23T00:00:00,63578.760000,64745.880000,62538.750000,63339.990000,24078.052870
2024-09-24T00:00:00,63339.990000,64688.000000,62700.000000,64262.700000,23185.047590
2024-09-25T00:00:00,64262.700000,64817.990000,62947.080000,63152.010000,17813.111680
2024-09-26T00:00:00,63152.010000,65839.000000,62670.000000,65173.990000,28373.305930
2024-09-27T00:00:00,65173.990000,66498.000000,64819.900000,65769.950000,22048.804870
2024-09-28T00:00:00,65769.950000,66260.000000,65422.230000,65858.000000,9127.233160
2024-09-29T00:00:00,65858.000000,66076.120000,65432.000000,65602.010000,8337.741110
2024-09-30T00:00:00,65602.010000,65618.800000,62856.300000,63327.590000,30011.087520
2024-10-01T00:00:00,63327.600000,64130.630000,60164.000000,60805.780000,43671.481080
2024-10-02T00:00:00,60804.920000,62390.310000,60000.000000,60649.280000,31534.701180
2024-10-03T00:00:00,60649.270000,61477.190000,59828.110000,60752.710000,26221.434720
2024-10-04T00:00:00,60752.720000,62484.850000,60459.900000,62086.000000,21294.659940
2024-10-05T00:00:00,62086.000000,62370.560000,61689.260000,62058.000000,7807.461410
2024-10-06T00:00:00,62058.010000,62975.000000,61798.970000,62819.910000,8906.861770
2024-10-07T00:00:00,62819.910000,64478.190000,62128.000000,62224.000000,25966.185200
2024-10-08T00:00:00,62224.010000,63200.000000,61860.310000,62160.490000,19702.223710
2024-10-09T00:00:00,62160.500000,62543.750000,60301.000000,60636.020000,20011.156840
2024-10-10T00:00:00,60636.010000,61321.680000,58946.000000,60326.390000,23967.924810
2024-10-11T00:00:00,60326.400000,63417.560000,60087.640000,62540.000000,23641.352090
2024-10-12T00:00:00,62539.990000,63480.000000,62487.230000,63206.220000,10911.301160
2024-10-13T00:00:00,63206.230000,63285.720000,62050.000000,62870.020000,11909.219950
2024-10-14T00:00:00,62870.020000,66500.000000,62457.810000,66083.990000,37669.952220
2024-10-15T00:00:00,66084.000000,67950.000000,64800.010000,67074.140000,43683.954230
2024-10-16T00:00:00,67074.140000,68424.000000,66750.490000,67620.010000,29938.255440
2024-10-17T00:00:00,67620.000000,67939.400000,66666.000000,67421.780000,25328.228610
2024-10-18T00:00:00,67421.780000,69000.000000,67192.360000,68428.000000,28725.635000
2024-10-19T00:00:00,68427.990000,68693.260000,68010.000000,68378.000000,8193.667370
2024-10-20T00:00:00,68377.990000,69400.000000,68100.000000,69031.990000,12442.473780
2024-10-21T00:00:00,69032.000000,69519.520000,66840.670000,67377.500000,31374.421840
2024-10-22T00:00:00,67377.500000,67836.010000,66571.420000,67426.000000,24598.962680
2024-10-23T00:00:00,67426.010000,67472.830000,65260.000000,66668.650000,25530.240700
2024-10-24T00:00:00,66668.650000,68850.000000,66510.000000,68198.280000,22589.838770
2024-10-25T00:00:00,68198.270000,68771.490000,65596.290000,66698.330000,34479.711250
2024-10-26T00:00:00,66698.320000,67454.550000,66439.900000,67092.760000,11842.907700
2024-10-27T00:00:00,67092.760000,68332.050000,66913.730000,68021.700000,8653.195920
2024-10-28T00:00:00,68021.690000,70270.000000,67618.000000,69962.210000,29046.754590
2024-10-29T00:00:00,69962.210000,73620.120000,69760.000000,72736.420000,50128.605940
2024-10-30T00:00:00,72736.410000,72961.000000,71436.000000,72344.740000,26885.990560
2024-10-31T00:00:00,72344.750000,72700.000000,69685.760000,70292.010000,29352.102970
2024-11-01T00:00:00,70292.010000,71632.950000,68820.140000,69496.010000,38301.867550
2024-11-02T00:00:00,69496.000000,69914.370000,69000.140000,69374.740000,10521.672430
2024-11-03T00:00:00,69374.740000,69391.000000,67478.730000,68775.990000,24995.702430
2024-11-04T00:00:00,68775.990000,69500.000000,66835.000000,67850.010000,29800.391870
2024-11-05T00:00:00,67850.010000,70577.910000,67476.630000,69372.010000,33355.068880
2024-11-06T00:00:00,69372.010000,76400.000000,69298.000000,75571.990000,104126.994787
2024-11-07T00:00:00,75571.990000,76849.990000,74416.000000,75857.890000,44869.422345
2024-11-08T00:00:00,75857.890000,77199.990000,75555.000000,76509.780000,36521.099583
2024-11-09T00:00:00,76509.780000,76900.000000,75714.660000,76677.460000,16942.079150
2024-11-10T00:00:00,76677.460000,81500.000000,76492.000000,80370.010000,61830.100435
2024-11-11T00:00:00,80370.010000,89530.540000,80216.010000,88647.990000,82323.665776
2024-11-12T00:00:00,88648.000000,89940.000000,85072.000000,87952.010000,97299.887911
2024-11-13T00:00:00,87952.000000,93265.640000,86127.990000,90375.200000,86763.854127
2024-11-14T00:00:00,90375.210000,91790.000000,86668.210000,87325.590000,56729.510860
2024-11-15T00:00:00,87325.590000,91850.000000,87073.380000,91032.070000,47927.950680
2024-11-16T00:00:00,91032.080000,91779.660000,90056.170000,90586.920000,22717.876890
2024-11-17T00:00:00,90587.980000,91449.990000,88722.000000,89855.990000,23867.556090
2024-11-18T00:00:00,89855.980000,92594.000000,89376.900000,90464.080000,46545.034480
2024-11-19T00:00:00,90464.070000,93905.510000,90357.000000,92310.790000,43660.046820
2024-11-20T00:00:00,92310.800000,94831.970000,91500.000000,94286.560000,42203.198712
2024-11-21T00:00:00,94286.560000,98988.000000,94040.000000,98317.120000,69228.360477
2024-11-22T00:00:00,98317.120000,99588.010000,97122.110000,98892.000000,46189.309243
2024-11-23T00:00:00,98892.000000,98908.850000,97136.000000,97672.400000,24757.843670
2024-11-24T00:00:00,97672.400000,98564.000000,95734.770000,97900.040000,31200.978380
2024-11-25T00:00:00,97900.050000,98871.800000,92600.190000,93010.010000,50847.450960
2024-11-26T00:00:00,93010.010000,94973.370000,90791.100000,91965.160000,57858.731380
2024-11-27T00:00:00,91965.160000,97208.210000,91792.140000,95863.110000,41153.427340
2024-11-28T00:00:00,95863.110000,96564.000000,94640.000000,95643.980000,28814.543570
2024-11-29T00:00:00,95643.990000,98619.990000,95364.990000,97460.000000,27701.782310
2024-11-30T00:00:00,97460.000000,97463.950000,96092.010000,96407.990000,14503.833060
2024-12-01T00:00:00,96407.990000,97836.000000,95693.880000,97185.180000,16938.604520
2024-12-02T00:00:00,97185.170000,98130.000000,94395.000000,95840.620000,37958.669810
2024-12-03T00:00:00,95840.610000,96305.520000,93578.170000,95849.690000,35827.322830
2024-12-04T00:00:00,95849.690000,99000.000000,94587.830000,98587.320000,43850.537280
2024-12-05T00:00:00,98587.320000,104088.000000,90500.000000,96945.630000,109921.729662
2024-12-06T00:00:00,96945.630000,101898.990000,95981.720000,99740.840000,45049.533100
2024-12-07T00:00:00,99740.840000,100439.180000,98844.000000,99831.990000,14931.945900
2024-12-08T00:00:00,99831.990000,101351.000000,98657.700000,101109.590000,14612.996880
2024-12-09T00:00:00,101109.600000,101215.930000,94150.050000,97276.470000,53949.115950
2024-12-10T00:00:00,97276.480000,98270.000000,94256.540000,96593.000000,51708.689330
2024-12-11T00:00:00,96593.000000,101888.000000,95658.240000,101125.000000,37753.782910
2024-12-12T00:00:00,101125.000000,102540.000000,99311.640000,100004.290000,29232.087450
2024-12-13T00:00:00,100004.290000,101895.260000,99205.000000,101424.250000,21904.039230
2024-12-14T00:00:00,101424.240000,102650.000000,100609.410000,101420.000000,14191.703260
2024-12-15T00:00:00,101420.000000,105250.000000,101237.140000,104463.990000,22228.921775
2024-12-16T00:00:00,104463.990000,107793.070000,103333.000000,106058.660000,41302.402740
2024-12-17T00:00:00,106058.650000,108353.000000,105321.490000,106133.740000,29064.936466
2024-12-18T00:00:00,106133.740000,106524.980000,100000.000000,100204.010000,50307.997550
2024-12-19T00:00:00,100204.010000,102800.110000,95700.000000,97461.860000,55147.398000
2024-12-20T00:00:00,97461.860000,98233.000000,92232.540000,97805.440000,62884.135700
2024-12-21T00:00:00,97805.440000,99540.610000,96398.390000,97291.990000,23483.541430
2024-12-22T00:00:00,97292.000000,97448.080000,94250.350000,95186.270000,19353.830360
2024-12-23T00:00:00,95186.280000,96538.920000,92520.000000,94881.470000,32810.767030
2024-12-24T00:00:00,94881.470000,99487.990000,93569.020000,98663.580000,23674.224880
2024-12-25T00:00:00,98663.580000,99569.150000,97632.020000,99429.600000,14474.165100
2024-12-26T00:00:00,99429.610000,99963.700000,95199.140000,95791.600000,21192.367270
2024-12-27T00:00:00,95791.600000,97544.580000,93500.010000,94299.030000,26501.264290
2024-12-28T00:00:00,94299.030000,95733.990000,94135.660000,95300.000000,8385.892900
2024-12-29T00:00:00,95300.000000,95340.000000,93009.520000,93738.200000,13576.005780
2024-12-30T00:00:00,93738.190000,95024.500000,91530.450000,92792.050000,27619.422500
2024-12-31T00:00:00,92792.050000,96250.000000,92033.730000,93576.000000,19612.033890
2025-01-01T00:00:00,93576.000000,95151.150000,92888.000000,94591.790000,10373.326130
2025-01-02T00:00:00,94591.780000,97839.500000,94392.000000,96984.790000,21970.489480
2025-01-03T00:00:00,96984.790000,98976.910000,96100.010000,98174.180000,15253.829360
2025-01-04T00:00:00,98174.170000,98778.430000,97514.790000,98220.500000,8990.056510
2025-01-05T00:00:00,98220.510000,98836.850000,97276.790000,98363.610000,8095.637230
2025-01-06T00:00:00,98363.610000,102480.000000,97920.000000,102235.600000,25263.433750
2025-01-07T00:00:00,102235.600000,102724.380000,96181.810000,96954.610000,32059.875370
2025-01-08T00:00:00,96954.600000,97268.650000,92500.900000,95060.610000,33704.678940
2025-01-09T00:00:00,95060.610000,95382.320000,91203.670000,92552.490000,34544.836850
2025-01-10T00:00:00,92552.490000,95836.000000,92206.020000,94726.110000,31482.864240
2025-01-11T00:00:00,94726.100000,95050.940000,93831.730000,94599.990000,7047.904300
2025-01-12T00:00:00,94599.990000,95450.100000,93711.190000,94545.060000,8606.866220
2025-01-13T00:00:00,94545.070000,95940.000000,89256.690000,94536.100000,42619.564230
2025-01-14T00:00:00,94536.110000,97371.000000,94346.220000,96560.860000,27846.617530
2025-01-15T00:00:00,96560.850000,100681.940000,96500.000000,100497.350000,30509.991790
2025-01-16T00:00:00,100497.350000,100866.660000,97335.130000,99987.300000,27832.853170
2025-01-17T00:00:00,99987.300000,105865.220000,99950.770000,104077.480000,39171.852920
2025-01-18T00:00:00,104077.470000,104988.880000,102277.550000,104556.230000,24307.829980
2025-01-19T00:00:00,104556.230000,106422.430000,99651.600000,101331.570000,43397.282980
2025-01-20T00:00:00,101331.570000,109588.000000,99550.000000,102260.010000,89529.231732
2025-01-21T00:00:00,102260.000000,107240.810000,100119.040000,106143.820000,45941.020020
2025-01-22T00:00:00,106143.820000,106394.460000,103339.120000,103706.660000,22248.692540
2025-01-23T00:00:00,103706.660000,106850.000000,101262.280000,103910.340000,53953.120310
2025-01-24T00:00:00,103910.350000,107120.000000,102750.000000,104870.500000,23609.240170
2025-01-25T00:00:00,104870.510000,105286.520000,104106.090000,104746.850000,9068.323770
2025-01-26T00:00:00,104746.860000,105500.000000,102520.440000,102620.000000,9812.512380
2025-01-27T00:00:00,102620.010000,103260.000000,97777.770000,102082.830000,50758.134100
2025-01-28T00:00:00,102082.830000,103800.000000,100272.680000,101335.520000,22022.057650
2025-01-29T00:00:00,101335.520000,104782.680000,101328.010000,103733.240000,23155.358020
2025-01-30T00:00:00,103733.250000,106457.440000,103278.540000,104722.940000,19374.074720
2025-01-31T00:00:00,104722.940000,106012.000000,101560.000000,102429.560000,21983.181930
2025-02-01T00:00:00,102429.560000,102783.710000,100279.510000,100635.650000,12290.957470
2025-02-02T00:00:00,100635.660000,101456.600000,96150.000000,97700.590000,34619.499390
2025-02-03T00:00:00,97700.590000,102500.010000,91231.000000,101328.520000,75164.738500
2025-02-04T00:00:00,101328.510000,101732.310000,96150.000000,97763.130000,40267.986970
2025-02-05T00:00:00,97763.140000,99149.000000,96155.000000,96612.430000,26233.304440
2025-02-06T00:00:00,96612.440000,99120.000000,95676.640000,96554.350000,23515.204050
2025-02-07T00:00:00,96554.350000,100137.990000,95620.340000,96506.800000,31794.220650
2025-02-08T00:00:00,96506.800000,96880.000000,95688.000000,96444.740000,10147.242940
2025-02-09T00:00:00,96444.750000,97323.090000,94713.000000,96462.750000,14120.916130
2025-02-10T00:00:00,96462.750000,98345.000000,95256.000000,97430.820000,20572.875370
2025-02-11T00:00:00,97430.820000,98478.420000,94876.880000,95778.200000,18647.763790
2025-02-12T00:00:00,95778.210000,98119.990000,94088.230000,97869.990000,29151.166250
2025-02-13T00:00:00,97870.000000,98083.910000,95217.360000,96608.140000,19921.776160
2025-02-14T00:00:00,96608.130000,98826.000000,96252.820000,97500.480000,18173.026460
2025-02-15T00:00:00,97500.470000,97972.260000,97223.580000,97569.660000,7349.376830
2025-02-16T00:00:00,97569.670000,97704.470000,96046.180000,96118.120000,8191.424900
2025-02-17T00:00:00,96118.120000,97046.590000,95205.000000,95780.000000,16492.045100
2025-02-18T00:00:00,95780.010000,96753.910000,93388.090000,95671.740000,23368.194710
2025-02-19T00:00:00,95671.740000,96899.990000,95029.990000,96644.370000,16438.509540
2025-02-20T00:00:00,96644.370000,98711.360000,96415.090000,98305.000000,17057.391770
2025-02-21T00:00:00,98305.010000,99475.000000,94871.950000,96181.980000,32249.281400
2025-02-22T00:00:00,96181.990000,96980.000000,95770.490000,96551.010000,11268.177080
2025-02-23T00:00:00,96551.010000,96650.000000,95227.940000,96258.000000,10884.849130
2025-02-24T00:00:00,96258.000000,96500.000000,91349.260000,91552.880000,31550.102990
2025-02-25T00:00:00,91552.880000,92540.690000,86050.990000,88680.400000,78333.111110
2025-02-26T00:00:00,88680.390000,89414.150000,82256.010000,84250.090000,56893.544090
2025-02-27T00:00:00,84250.090000,87078.460000,82716.490000,84708.580000,42505.454390
2025-02-28T00:00:00,84708.570000,85120.000000,78258.520000,84349.940000,83648.039690
2025-03-01T00:00:00,84349.950000,86558.000000,83824.780000,86064.530000,25785.054640
2025-03-02T00:00:00,86064.540000,95000.000000,85050.600000,94270.000000,54889.090450
2025-03-03T00:00:00,94269.990000,94416.460000,85117.110000,86220.610000,59171.102180
2025-03-04T00:00:00,86221.160000,88967.520000,81500.000000,87281.980000,55609.107060
2025-03-05T00:00:00,87281.980000,91000.000000,86334.530000,90606.010000,38264.011630
2025-03-06T00:00:00,90606.000000,92810.640000,87836.000000,89931.890000,34342.449020
2025-03-07T00:00:00,89931.880000,91283.020000,84667.030000,86801.750000,57980.357130
2025-03-08T00:00:00,86801.740000,86897.250000,85218.470000,86222.450000,12989.230540
2025-03-09T00:00:00,86222.460000,86500.000000,80000.000000,80734.370000,26115.393450
2025-03-10T00:00:00,80734.480000,84123.460000,77459.910000,78595.860000,47633.384050
2025-03-11T00:00:00,78595.860000,83617.400000,76606.000000,82932.990000,48770.068530
2025-03-12T00:00:00,82932.990000,84539.850000,80607.650000,83680.120000,31933.986000
2025-03-13T00:00:00,83680.120000,84336.330000,79939.900000,81115.780000,27546.274120
2025-03-14T00:00:00,81115.780000,85309.710000,80818.840000,83983.200000,26858.527550
2025-03-15T00:00:00,83983.190000,84676.280000,83618.000000,84338.440000,11324.733200
2025-03-16T00:00:00,84338.440000,85117.040000,81981.120000,82574.530000,17596.125310
2025-03-17T00:00:00,82574.520000,84756.830000,82456.000000,84010.030000,17214.743580
2025-03-18T00:00:00,84010.020000,84021.740000,81134.660000,82715.030000,17610.898830
2025-03-19T00:00:00,82715.030000,87000.000000,82547.160000,86845.940000,28151.053740
2025-03-20T00:00:00,86845.930000,87453.670000,83655.230000,84223.390000,22090.304630
2025-03-21T00:00:00,84223.380000,84850.330000,83175.250000,84088.790000,11956.974430
2025-03-22T00:00:00,84088.790000,84539.170000,83625.100000,83840.590000,5420.221140
2025-03-23T00:00:00,83840.590000,86129.640000,83809.750000,86082.500000,8461.978130
2025-03-24T00:00:00,86082.500000,88765.430000,85519.090000,87498.160000,30115.621110
2025-03-25T00:00:00,87498.160000,88539.630000,86310.000000,87392.870000,22643.252480
2025-03-26T00:00:00,87392.880000,88275.000000,85860.000000,86909.170000,18408.784850
2025-03-27T00:00:00,86909.170000,87756.390000,85800.000000,87232.010000,17098.038970
2025-03-28T00:00:00,87232.010000,87515.670000,83585.000000,84424.380000,27182.731690
2025-03-29T00:00:00,84424.380000,84624.730000,81644.810000,82648.540000,11696.398640
2025-03-30T00:00:00,82648.530000,83534.640000,81565.000000,82389.990000,9864.495080
2025-03-31T00:00:00,82390.000000,83943.080000,81278.520000,82550.010000,20569.138850
2025-04-01T00:00:00,82550.000000,85579.460000,82432.740000,85158.340000,20190.396970
2025-04-02T00:00:00,85158.350000,88500.000000,82320.000000,82516.290000,39931.457000
2025-04-03T00:00:00,82516.280000,83998.020000,81211.240000,83213.090000,27337.841350
2025-04-04T00:00:00,83213.090000,84720.000000,81659.000000,83889.870000,32915.539760
2025-04-05T00:00:00,83889.870000,84266.000000,82379.950000,83537.990000,9360.404680
2025-04-06T00:00:00,83537.990000,83817.630000,77153.830000,78430.000000,27942.714360
2025-04-07T00:00:00,78430.000000,81243.580000,74508.000000,79163.240000,78387.530890
2025-04-08T00:00:00,79163.240000,80867.990000,76239.900000,76322.420000,35317.320630
2025-04-09T00:00:00,76322.420000,83588.000000,74620.000000,82615.220000,75488.287720
2025-04-10T00:00:00,82615.220000,82753.210000,78464.360000,79607.300000,33284.807180
2025-04-11T00:00:00,79607.300000,84300.000000,78969.580000,83423.840000,34435.437970
2025-04-12T00:00:00,83423.830000,85905.000000,82792.950000,85276.900000,18470.744370
2025-04-13T00:00:00,85276.910000,86100.000000,83034.230000,83760.000000,24680.041810
2025-04-14T00:00:00,83760.000000,85799.990000,83678.000000,84591.580000,28659.093480
2025-04-15T00:00:00,84591.580000,86496.420000,83600.000000,83643.990000,20910.995280
2025-04-16T00:00:00,83643.990000,85500.000000,83111.640000,84030.380000,20867.245190
2025-04-17T00:00:00,84030.380000,85470.010000,83736.260000,84947.910000,13728.847720
2025-04-18T00:00:00,84947.920000,85132.080000,84303.960000,84474.690000,6529.963150
2025-04-19T00:00:00,84474.700000,85677.990000,84364.450000,85077.010000,9666.581530
2025-04-20T00:00:00,85077.000000,85320.760000,83949.520000,85179.240000,8091.677250
2025-04-21T00:00:00,85179.240000,88465.990000,85144.760000,87516.230000,31773.372620
2025-04-22T00:00:00,87516.220000,93888.000000,87076.030000,93442.990000,43872.747050
2025-04-23T00:00:00,93442.990000,94696.050000,91935.410000,93691.080000,27404.168080
2025-04-24T00:00:00,93691.070000,94005.000000,91660.010000,93980.470000,19497.060710
2025-04-25T00:00:00,93980.470000,95758.040000,92855.960000,94638.680000,27500.666480
2025-04-26T00:00:00,94638.680000,95199.000000,93870.690000,94628.000000,9415.068750
2025-04-27T00:00:00,94628.000000,95369.000000,93602.580000,93749.300000,11162.841000
2025-04-28T00:00:00,93749.290000,95630.000000,92800.010000,95011.180000,22157.533510
2025-04-29T00:00:00,95011.180000,95461.530000,93742.540000,94256.820000,16955.340200
2025-04-30T00:00:00,94256.820000,95228.450000,92910.000000,94172.000000,17661.275100
2025-05-01T00:00:00,94172.000000,97424.020000,94130.430000,96489.910000,21380.453430
2025-05-02T00:00:00,96489.900000,97895.680000,96350.000000,96887.140000,14905.748110
2025-05-03T00:00:00,96887.130000,96935.670000,95753.010000,95856.420000,9723.348380
2025-05-04T00:00:00,95856.420000,96304.480000,94151.380000,94277.620000,11036.383420
2025-05-05T00:00:00,94277.610000,95199.000000,93514.100000,94733.680000,17251.181890
2025-05-06T00:00:00,94733.680000,96920.650000,93377.000000,96834.020000,16122.645130
2025-05-07T00:00:00,96834.020000,97732.000000,95784.610000,97030.500000,16644.838540
2025-05-08T00:00:00,97030.500000,104145.760000,96876.290000,103261.600000,34962.028470
2025-05-09T00:00:00,103261.610000,104361.300000,102315.140000,102971.990000,27617.399070
2025-05-10T00:00:00,102971.990000,104984.570000,102818.760000,104809.530000,15324.786110
2025-05-11T00:00:00,104809.530000,104972.000000,103345.060000,104118.000000,17987.121970
2025-05-12T00:00:00,104118.000000,105819.450000,100718.370000,102791.320000,31272.777920
2025-05-13T00:00:00,102791.320000,104976.250000,101429.700000,104103.720000,21253.424090
2025-05-14T00:00:00,104103.720000,104356.950000,102602.050000,103507.820000,16452.908100
2025-05-15T00:00:00,103507.830000,104192.700000,101383.070000,103763.710000,17998.986040
2025-05-16T00:00:00,103763.710000,104550.330000,103100.490000,103463.900000,15683.880240
2025-05-17T00:00:00,103463.900000,103709.860000,102612.500000,103126.650000,11250.896220
2025-05-18T00:00:00,103126.650000,106660.000000,103105.090000,106454.260000,21599.987260
2025-05-19T00:00:00,106454.270000,107108.620000,102000.000000,105573.740000,30260.035240
2025-05-20T00:00:00,105573.730000,107320.000000,104184.720000,106849.990000,23705.482750
2025-05-21T00:00:00,106850.000000,110797.380000,106100.010000,109643.990000,45531.040345
2025-05-22T00:00:00,109643.990000,111980.000000,109177.370000,111696.210000,31630.773130
2025-05-23T00:00:00,111696.220000,111800.000000,106800.000000,107318.300000,31737.723090
2025-05-24T00:00:00,107318.300000,109506.030000,106875.410000,107761.910000,16782.531290
2025-05-25T00:00:00,107761.900000,109299.990000,106600.640000,109004.190000,17710.046950
2025-05-26T00:00:00,109004.200000,110422.220000,108670.580000,109434.790000,14649.115930
2025-05-27T00:00:00,109434.780000,110718.000000,107516.570000,108938.170000,21276.656350
2025-05-28T00:00:00,108938.170000,109284.700000,106769.430000,107781.780000,15633.788290
2025-05-29T00:00:00,107781.780000,108891.910000,105322.860000,105589.750000,19834.701160
2025-05-30T00:00:00,105589.750000,106313.120000,103621.000000,103985.480000,23706.497990
2025-05-31T00:00:00,103985.470000,104900.000000,103068.550000,104591.880000,11289.359220
2025-06-01T00:00:00,104591.880000,105866.910000,103752.490000,105642.930000,9709.700060
2025-06-02T00:00:00,105642.930000,105935.630000,103659.880000,105857.990000,13453.988130
2025-06-03T00:00:00,105858.000000,106794.670000,104872.500000,105376.890000,13259.526340
2025-06-04T00:00:00,105376.900000,106000.000000,104179.000000,104696.860000,14034.894820
2025-06-05T00:00:00,104696.860000,105909.710000,100372.260000,101508.680000,22321.501540
2025-06-06T00:00:00,101508.690000,105333.000000,101095.800000,104288.440000,15839.073850
2025-06-07T00:00:00,104288.430000,105900.000000,103871.090000,105552.150000,8344.932060
2025-06-08T00:00:00,105552.150000,106488.140000,104964.140000,105734.000000,8048.063050
2025-06-09T00:00:00,105734.010000,110530.170000,105318.370000,110263.020000,19975.374510
2025-06-10T00:00:00,110263.020000,110400.000000,108331.030000,110274.390000,17071.828390
2025-06-11T00:00:00,110274.390000,110392.010000,108064.000000,108645.120000,13115.916380
2025-06-12T00:00:00,108645.130000,108813.550000,105671.720000,105671.730000,17778.672180
2025-06-13T00:00:00,105671.740000,106179.530000,102664.310000,106066.590000,26180.817340
2025-06-14T00:00:00,106066.590000,106252.000000,104300.000000,105414.640000,8798.939690
2025-06-15T00:00:00,105414.630000,106128.570000,104494.530000,105594.010000,7164.200470
2025-06-16T00:00:00,105594.020000,108952.380000,104980.370000,106794.530000,14922.665400
2025-06-17T00:00:00,106794.530000,107771.340000,103371.020000,104551.170000,17866.330250
2025-06-18T00:00:00,104551.170000,105550.270000,103500.000000,104886.780000,13968.641670
2025-06-19T00:00:00,104886.790000,105226.170000,103929.270000,104658.590000,7678.607370
2025-06-20T00:00:00,104658.590000,106524.650000,102345.000000,103297.990000,16419.062830
2025-06-21T00:00:00,103297.980000,103982.640000,100837.900000,102120.010000,11154.213320
2025-06-22T00:00:00,102120.020000,103399.620000,98200.000000,100963.870000,28746.410720
2025-06-23T00:00:00,100963.870000,106074.200000,99613.330000,105333.930000,27666.506090
2025-06-24T00:00:00,105333.940000,106290.000000,104622.020000,106083.000000,14651.693350
2025-06-25T00:00:00,106083.000000,108135.300000,105808.030000,107340.580000,16701.155510
2025-06-26T00:00:00,107340.590000,108272.450000,106562.500000,106947.060000,10573.272790
2025-06-27T00:00:00,106947.060000,107735.340000,106356.760000,107047.590000,12232.440420
2025-06-28T00:00:00,107047.580000,107577.750000,106811.510000,107296.790000,3282.173520
2025-06-29T00:00:00,107296.790000,108528.500000,107172.520000,108356.930000,6831.736400
2025-06-30T00:00:00,108356.930000,108789.990000,106733.330000,107146.500000,9754.124910
2025-07-01T00:00:00,107146.510000,107540.000000,105250.850000,105681.140000,10505.624370
2025-07-02T00:00:00,105681.130000,109730.000000,105100.190000,108849.600000,17691.895920
2025-07-03T00:00:00,108849.590000,110529.180000,108530.400000,109584.780000,13047.082250
2025-07-04T00:00:00,109584.770000,109767.590000,107245.000000,107984.240000,11793.866150
2025-07-05T00:00:00,107984.250000,108420.560000,107756.310000,108198.120000,3736.975700
2025-07-06T00:00:00,108198.120000,109700.000000,107800.010000,109203.840000,6447.607000
2025-07-07T00:00:00,109203.850000,109700.000000,107513.200000,108262.940000,9405.376010
2025-07-08T00:00:00,108262.940000,109216.560000,107429.570000,108922.980000,9216.020800
2025-07-09T00:00:00,108922.990000,111999.790000,108324.530000,111233.990000,17282.286500
2025-07-10T00:00:00,111234.000000,116868.000000,110500.000000,116010.000000,24883.450665
2025-07-11T00:00:00,116010.010000,118869.980000,115222.220000,117527.660000,25873.521148
2025-07-12T00:00:00,117527.660000,118200.000000,116900.050000,117420.000000,8446.604370
2025-07-13T00:00:00,117420.000000,119488.000000,117224.790000,119086.640000,9550.792947
2025-07-14T00:00:00,119086.650000,123218.000000,118905.180000,119841.180000,27269.348877
2025-07-15T00:00:00,119841.170000,119940.830000,115736.920000,117758.090000,32018.460830
2025-07-16T00:00:00,117758.080000,120063.840000,117017.290000,118630.430000,17039.908510
2025-07-17T00:00:00,118630.440000,120998.710000,117453.570000,119177.560000,15728.576510
2025-07-18T00:00:00,119177.560000,120820.710000,116812.760000,117924.840000,19924.662660
2025-07-19T00:00:00,117924.840000,118499.900000,117277.340000,117840.000000,6635.803060
2025-07-20T00:00:00,117840.010000,118856.800000,116467.020000,117265.120000,12962.928890
2025-07-21T00:00:00,117265.110000,119676.730000,116515.000000,117380.360000,17107.331280
2025-07-22T00:00:00,117380.360000,120247.800000,116128.000000,119954.420000,20959.129730
2025-07-23T00:00:00,119954.430000,120090.000000,117301.000000,118755.990000,14558.750830
2025-07-24T00:00:00,118756.000000,119450.000000,117103.100000,118340.990000,15806.890430
2025-07-25T00:00:00,118340.980000,118451.570000,114723.160000,117614.310000,38406.348730
2025-07-26T00:00:00,117614.310000,118297.350000,117138.380000,117919.990000,6991.672060
2025-07-27T00:00:00,117919.990000,119766.650000,117825.500000,119415.550000,9328.309190
2025-07-28T00:00:00,119415.560000,119800.000000,117427.500000,118062.320000,13961.747540
2025-07-29T00:00:00,118062.320000,119273.360000,116950.750000,117950.760000,15137.934450
2025-07-30T00:00:00,117950.750000,118792.000000,115796.230000,117840.300000,15586.736310
2025-07-31T00:00:00,117840.290000,118922.450000,115500.000000,115764.080000,17010.007300
2025-08-01T00:00:00,115764.070000,116052.000000,112722.580000,113297.930000,24487.102060
2025-08-02T00:00:00,113297.920000,114063.490000,112003.000000,112546.350000,11507.334280
2025-08-03T00:00:00,112546.350000,114799.970000,111920.000000,114208.800000,7397.760460
2025-08-04T00:00:00,114208.810000,115720.000000,114107.600000,115055.030000,9667.679160
2025-08-05T00:00:00,115055.030000,115127.810000,112650.000000,114129.750000,12042.790780
2025-08-06T00:00:00,114129.750000,115716.000000,113355.130000,114992.270000,9761.153180
2025-08-07T00:00:00,114992.270000,117621.000000,114259.000000,117472.010000,13468.562630
2025-08-08T00:00:00,117472.020000,117630.000000,115878.710000,116674.740000,10045.312780
2025-08-09T00:00:00,116674.740000,117944.050000,116299.130000,116462.250000,9514.131440
2025-08-10T00:00:00,116462.250000,119311.110000,116460.630000,119294.010000,14322.770730
2025-08-11T00:00:00,119294.270000,122335.160000,118050.110000,118686.000000,26494.334290
2025-08-12T00:00:00,118686.000000,120324.430000,118207.470000,120134.080000,16720.108930
2025-08-13T00:00:00,120134.090000,123667.790000,118920.920000,123306.430000,23210.071020
2025-08-14T00:00:00,123306.440000,124474.000000,117180.000000,118295.090000,27980.947586
2025-08-15T00:00:00,118295.090000,119216.820000,116803.990000,117342.050000,13623.338740
2025-08-16T00:00:00,117342.040000,117898.990000,117143.980000,117380.660000,6393.681170
2025-08-17T00:00:00,117380.660000,118575.000000,117172.210000,117405.010000,5898.641920
2025-08-18T00:00:00,117405.010000,117543.750000,114640.140000,116227.050000,17745.939540
2025-08-19T00:00:00,116227.050000,116725.690000,112732.580000,112872.940000,18065.474240
2025-08-20T00:00:00,112872.950000,114615.380000,112380.000000,114271.240000,15636.341940
2025-08-21T00:00:00,114271.230000,114821.760000,112015.670000,112500.000000,10839.692350
2025-08-22T00:00:00,112500.000000,117429.050000,111684.790000,116935.990000,23128.090370
2025-08-23T00:00:00,116936.000000,117030.000000,114560.000000,115438.050000,11329.361970
2025-08-24T00:00:00,115438.060000,115666.680000,110680.000000,113493.590000,21175.984620
2025-08-25T00:00:00,113493.590000,113667.280000,109274.100000,110111.980000,25182.793790
2025-08-26T00:00:00,110111.980000,112371.000000,108666.660000,111763.220000,18452.438770
2025-08-27T00:00:00,111763.220000,112625.000000,110345.420000,111262.010000,13392.608750
2025-08-28T00:00:00,111262.010000,113485.900000,110862.420000,112566.900000,11104.277440
2025-08-29T00:00:00,112566.900000,112638.640000,107463.900000,108377.400000,22580.310450
2025-08-30T00:00:00,108377.400000,108926.150000,107350.100000,108816.330000,10708.391590
2025-08-31T00:00:00,108816.330000,109480.020000,108076.930000,108246.350000,9489.515960
2025-09-01T00:00:00,108246.360000,109912.400000,107255.000000,109237.420000,16053.602190
2025-09-02T00:00:00,109237.430000,111771.520000,108393.390000,111240.010000,18510.287560
2025-09-03T00:00:00,111240.010000,112575.270000,110528.710000,111705.710000,11773.720840
2025-09-04T00:00:00,111705.720000,112180.000000,109329.120000,110730.870000,12203.135360
2025-09-05T00:00:00,110730.870000,113384.620000,110206.960000,110659.990000,21587.408880
2025-09-06T00:00:00,110660.000000,111307.700000,109977.000000,110187.970000,5000.298970
2025-09-07T00:00:00,110187.980000,111600.000000,110180.000000,111137.340000,5681.299440
2025-09-08T00:00:00,111137.350000,112924.370000,110621.780000,112065.230000,11582.402110
2025-09-09T00:00:00,112065.230000,113293.290000,110766.660000,111546.390000,15379.282480
2025-09-10T00:00:00,111546.380000,114313.130000,110917.450000,113960.000000,17517.418230
2025-09-11T00:00:00,113960.000000,115488.090000,113430.000000,115482.690000,13676.731190
2025-09-12T00:00:00,115482.690000,116665.630000,114740.990000,116029.420000,15324.107190
2025-09-13T00:00:00,116029.410000,116298.780000,115127.270000,115918.290000,8269.403940
2025-09-14T00:00:00,115918.290000,116165.190000,115135.000000,115268.010000,6707.601970
2025-09-15T00:00:00,115268.010000,116757.990000,114384.000000,115349.710000,13212.511490
2025-09-16T00:00:00,115349.710000,116964.270000,114737.110000,116788.960000,10926.909400
2025-09-17T00:00:00,116788.960000,117286.730000,114720.810000,116447.590000,16754.245400
2025-09-18T00:00:00,116447.600000,117900.000000,116092.760000,117073.530000,11657.233650
2025-09-19T00:00:00,117073.530000,117459.990000,115100.000000,115632.380000,8992.090650
2025-09-20T00:00:00,115632.390000,116121.810000,115408.470000,115685.630000,4674.927520
2025-09-21T00:00:00,115685.630000,115819.060000,115188.000000,115232.290000,4511.522190
2025-09-22T00:00:00,115232.290000,115379.250000,111800.000000,112650.990000,20781.713560
2025-09-23T00:00:00,112650.990000,113290.500000,111458.730000,111998.800000,12301.320300
2025-09-24T00:00:00,111998.800000,113940.000000,111042.660000,113307.000000,12369.259670
2025-09-25T00:00:00,113307.010000,113510.230000,108631.510000,108994.490000,21231.149570
2025-09-26T00:00:00,108994.490000,110300.000000,108620.070000,109643.460000,14243.015910
2025-09-27T00:00:00,109643.460000,109743.910000,109064.400000,109635.850000,5501.786430
2025-09-28T00:00:00,109635.850000,112350.000000,109189.990000,112163.950000,7542.331600
2025-09-29T00:00:00,112163.960000,114400.000000,111560.650000,114311.960000,15541.120050
2025-09-30T00:00:00,114311.970000,114792.000000,112656.270000,114048.930000,15044.156330
2025-10-01T00:00:00,114048.940000,118649.100000,113966.670000,118594.990000,20036.395160
2025-10-02T00:00:00,118594.990000,121022.070000,118279.310000,120529.350000,19670.835030
2025-10-03T00:00:00,120529.350000,123894.990000,119248.300000,122232.000000,23936.328000
2025-10-04T00:00:00,122232.210000,122800.000000,121510.000000,122391.000000,8208.166780
2025-10-05T00:00:00,122390.990000,125708.420000,122136.000000,123482.310000,22043.097553
2025-10-06T00:00:00,123482.320000,126199.630000,123084.000000,124658.540000,19494.628793
2025-10-07T00:00:00,124658.540000,125126.000000,120574.940000,121332.950000,21633.993850
2025-10-08T00:00:00,121332.960000,124197.250000,121066.140000,123306.000000,17012.618000
2025-10-09T00:00:00,123306.010000,123762.940000,119651.470000,121662.400000,21559.360070
2025-10-10T00:00:00,121662.410000,122550.000000,102000.000000,112774.500000,64171.939270
2025-10-11T00:00:00,112774.490000,113322.390000,109561.590000,110644.400000,35448.516520
2025-10-12T00:00:00,110644.400000,115770.000000,109565.060000,114958.800000,32255.302720
2025-10-13T00:00:00,114958.810000,115963.810000,113616.500000,115166.000000,22557.240330
2025-10-14T00:00:00,115166.000000,115409.960000,109866.000000,113028.140000,31870.329740
2025-10-15T00:00:00,113028.130000,113612.350000,110164.000000,110763.280000,22986.488110
2025-10-16T00:00:00,110763.280000,111982.450000,107427.000000,108194.280000,29857.172520
2025-10-17T00:00:00,108194.270000,109240.000000,103528.230000,106431.680000,37920.668380
2025-10-18T00:00:00,106431.680000,107499.000000,106322.200000,107185.010000,11123.187660
2025-10-19T00:00:00,107185.000000,109450.070000,106103.360000,108642.780000,15480.664230
2025-10-20T00:00:00,108642.770000,111705.560000,107402.520000,110532.090000,19193.441600
2025-10-21T00:00:00,110532.090000,114000.000000,107473.720000,108297.670000,37228.016590
2025-10-22T00:00:00,108297.660000,109163.880000,106666.690000,107567.440000,28610.784510
2025-10-23T00:00:00,107567.450000,111293.610000,107500.000000,110078.180000,17573.092940
2025-10-24T00:00:00,110078.190000,112104.980000,109700.010000,111004.890000,15005.169130
2025-10-25T00:00:00,111004.900000,111943.190000,110672.860000,111646.270000,6407.968640
2025-10-26T00:00:00,111646.270000,115466.800000,111260.450000,114559.400000,13454.477370
2025-10-27T00:00:00,114559.410000,116400.000000,113830.010000,114107.650000,21450.232410
2025-10-28T00:00:00,114107.650000,116086.000000,112211.000000,112898.450000,15523.422570
2025-10-29T00:00:00,112898.440000,113643.730000,109200.000000,110021.290000,21079.713760
2025-10-30T00:00:00,110021.300000,111592.000000,106304.340000,108322.880000,25988.828380
2025-10-31T00:00:00,108322.870000,111190.000000,108275.280000,109608.010000,21518.204390
2025-11-01T00:00:00,109608.010000,110564.490000,109394.810000,110098.100000,7378.504310
2025-11-02T00:00:00,110098.100000,111250.010000,109471.340000,110540.680000,12107.000870
2025-11-03T00:00:00,110540.690000,110750.000000,105306.560000,106583.040000,28681.187790
2025-11-04T00:00:00,106583.050000,107299.000000,98944.360000,101497.220000,50534.873760
2025-11-05T00:00:00,101497.230000,104534.740000,98966.800000,103885.160000,33778.775710
2025-11-06T00:00:00,103885.160000,104200.000000,100300.950000,101346.040000,25814.621390
2025-11-07T00:00:00,101346.040000,104096.360000,99260.860000,103339.080000,32059.509420
2025-11-08T00:00:00,103339.090000,103406.220000,101454.000000,102312.940000,12390.779850
2025-11-09T00:00:00,102312.950000,105495.620000,101400.000000,104722.960000,16338.970960
2025-11-10T00:00:00,104722.950000,106670.110000,104265.020000,106011.130000,22682.256730
2025-11-11T00:00:00,106011.130000,107500.000000,102476.090000,103058.990000,24196.507180
2025-11-12T00:00:00,103059.000000,105333.330000,100813.590000,101654.370000,20457.639060
2025-11-13T00:00:00,101654.370000,104085.010000,98000.400000,99692.020000,36198.507710
2025-11-14T00:00:00,99692.030000,99866.020000,94012.450000,94594.000000,47288.144810
2025-11-15T00:00:00,94594.000000,96846.680000,94558.490000,95596.240000,15110.893910
2025-11-16T00:00:00,95596.230000,96635.110000,93005.550000,94261.440000,23889.405100
2025-11-17T00:00:00,94261.450000,96043.000000,91220.000000,92215.140000,39218.598060
2025-11-18T00:00:00,92215.140000,93836.010000,89253.780000,92960.830000,39835.147690
2025-11-19T00:00:00,92960.830000,92980.220000,88608.000000,91554.960000,32286.637600
2025-11-20T00:00:00,91554.960000,93160.000000,86100.000000,86637.230000,39733.190730
2025-11-21T00:00:00,86637.220000,87498.940000,80600.000000,85129.430000,72256.126790
2025-11-22T00:00:00,85129.420000,85620.000000,83500.000000,84739.740000,14193.932630
2025-11-23T00:00:00,84739.750000,88127.640000,84667.570000,86830.000000,19734.464180
2025-11-24T00:00:00,86830.000000,89228.000000,85272.000000,88300.010000,24663.127950
2025-11-25T00:00:00,88300.010000,88519.990000,86116.000000,87369.960000,19567.041100
2025-11-26T00:00:00,87369.970000,90656.080000,86306.770000,90484.020000,21675.822390
2025-11-27T00:00:00,90484.010000,91950.000000,90089.910000,91333.950000,16833.509320
2025-11-28T00:00:00,91333.940000,93092.000000,90180.630000,90890.700000,18830.860120
2025-11-29T00:00:00,90890.710000,91165.650000,90155.470000,90802.440000,7429.882910
2025-11-30T00:00:00,90802.440000,92000.010000,90336.900000,90360.000000,9687.741750
2025-12-01T00:00:00,90360.010000,90417.000000,83822.760000,86286.010000,34509.012270
2025-12-02T00:00:00,86286.010000,92307.650000,86184.390000,91277.880000,28210.227320
2025-12-03T00:00:00,91277.880000,94150.000000,90990.230000,93429.950000,25712.525850
2025-12-04T00:00:00,93429.950000,94080.000000,90889.000000,92078.060000,19803.940590
2025-12-05T00:00:00,92078.060000,92692.360000,88056.000000,89330.040000,19792.972180
2025-12-06T00:00:00,89330.040000,90289.970000,88908.010000,89236.790000,8409.500160
2025-12-07T00:00:00,89236.800000,91760.000000,87719.280000,90395.310000,13021.111850
2025-12-08T00:00:00,90395.320000,92287.150000,89612.000000,90634.340000,15793.638870
2025-12-09T00:00:00,90634.350000,94588.990000,89500.000000,92678.800000,21240.430140
2025-12-10T00:00:00,92678.810000,94476.000000,91563.150000,92015.370000,18998.680830
2025-12-11T00:00:00,92015.380000,93555.000000,89260.630000,92513.380000,19972.587580
2025-12-12T00:00:00,92513.380000,92754.000000,89480.000000,90268.420000,16679.191690
2025-12-13T00:00:00,90268.430000,90634.550000,89766.390000,90240.010000,5895.707880
2025-12-14T00:00:00,90240.000000,90472.400000,87577.360000,88172.170000,9416.940040
2025-12-15T00:00:00,88172.160000,90052.640000,85146.640000,86432.080000,19778.691900
2025-12-16T00:00:00,86432.080000,88175.980000,85266.000000,87863.420000,18456.050170
2025-12-17T00:00:00,87863.430000,90365.850000,85314.000000,86243.220000,19834.117290
2025-12-18T00:00:00,86243.230000,89477.610000,84450.010000,85516.410000,25405.417630
2025-12-19T00:00:00,85516.410000,89399.970000,85110.240000,88136.940000,21256.650040
2025-12-20T00:00:00,88136.950000,88573.070000,87795.760000,88360.900000,5123.131940
2025-12-21T00:00:00,88360.910000,89081.770000,87600.040000,88658.860000,7132.872580
2025-12-22T00:00:00,88658.870000,90588.230000,87900.000000,88620.790000,14673.219700
2025-12-23T00:00:00,88620.790000,88940.000000,86601.900000,87486.000000,13910.329040
2025-12-24T00:00:00,87486.000000,88049.890000,86420.000000,87669.450000,9140.843200
2025-12-25T00:00:00,87669.440000,88592.740000,86934.720000,87225.270000,7096.582350
2025-12-26T00:00:00,87225.270000,89567.750000,86655.080000,87369.560000,18344.615050
2025-12-27T00:00:00,87369.560000,87984.000000,87253.050000,87877.010000,4469.551560
2025-12-28T00:00:00,87877.000000,88088.750000,87435.000000,87952.710000,4446.292850
2025-12-29T00:00:00,87952.710000,90406.080000,86806.500000,87237.130000,19894.985750
2025-12-30T00:00:00,87237.130000,89400.000000,86845.660000,88485.490000,13105.910010
2025-12-31T00:00:00,88485.500000,89200.000000,87250.000000,87648.220000,11558.620470
2026-01-01T00:00:00,87648.210000,88919.450000,87550.430000,88839.040000,6279.571330
2026-01-02T00:00:00,88839.050000,90961.810000,88379.880000,89995.130000,17396.973010
2026-01-03T00:00:00,89995.140000,90741.160000,89314.010000,90628.010000,7057.467160
2026-01-04T00:00:00,90628.010000,91810.000000,90628.000000,91529.730000,10426.529700
2026-01-05T00:00:00,91529.740000,94789.080000,91514.810000,93859.710000,20673.595840
2026-01-06T00:00:00,93859.710000,94444.440000,91262.940000,93747.970000,18546.418290
2026-01-07T00:00:00,93747.970000,93747.970000,90675.520000,91364.160000,14276.490250
2026-01-08T00:00:00,91364.160000,91687.990000,89311.000000,91099.990000,16132.791170
2026-01-09T00:00:00,91100.000000,92082.550000,89694.660000,90641.280000,15590.279390
2026-01-10T00:00:00,90641.270000,90832.000000,90404.000000,90504.700000,3104.117220
2026-01-11T00:00:00,90504.700000,91283.890000,90236.000000,91013.650000,5477.135940
2026-01-12T00:00:00,91013.660000,92519.950000,90128.440000,91296.200000,16188.082680
2026-01-13T00:00:00,91296.200000,96495.000000,91042.660000,95414.000000,23021.514820
2026-01-14T00:00:00,95413.990000,97924.490000,94559.280000,96951.780000,22851.894280
2026-01-15T00:00:00,96951.780000,97193.340000,95134.480000,95604.800000,21725.813690
2026-01-16T00:00:00,95604.810000,95871.470000,94293.460000,95550.940000,11167.714600
2026-01-17T00:00:00,95550.940000,95639.450000,95021.670000,95147.770000,4280.801370
2026-01-18T00:00:00,95147.770000,95531.120000,93615.400000,93673.140000,6895.178190
2026-01-19T00:00:00,93673.140000,93673.140000,91910.200000,92631.000000,14295.527470
2026-01-20T00:00:00,92630.990000,92870.000000,87895.980000,88427.660000,22007.326100
2026-01-21T00:00:00,88427.660000,90574.000000,87263.530000,89454.730000,20617.503720
2026-01-22T00:00:00,89454.730000,90359.990000,88515.370000,89559.670000,10825.504920
2026-01-23T00:00:00,89559.680000,91224.990000,88578.360000,89600.260000,13918.489190
2026-01-24T00:00:00,89600.260000,89957.390000,89162.080000,89225.340000,4226.567370
2026-01-25T00:00:00,89225.340000,89319.130000,86074.720000,86670.360000,14426.220190
2026-01-26T00:00:00,86670.360000,88860.000000,86509.630000,88347.080000,17766.514530
2026-01-27T00:00:00,88347.080000,89523.160000,87304.330000,89250.000000,13125.404250
2026-01-28T00:00:00,89249.990000,90600.000000,88833.650000,89299.990000,14332.185020
2026-01-29T00:00:00,89300.000000,89348.000000,83383.330000,84650.160000,30431.382010
2026-01-30T00:00:00,84650.160000,84735.750000,81118.000000,84260.490000,35195.847930
2026-01-31T00:00:00,84260.500000,84270.020000,75719.900000,78741.090000,39491.891330
2026-02-01T00:00:00,78741.100000,79424.000000,75700.000000,76968.210000,25395.481680
2026-02-02T00:00:00,76968.220000,79360.000000,74604.000000,78738.610000,42273.590160
2026-02-03T00:00:00,78738.600000,79186.810000,72945.500000,75770.210000,39120.108890
2026-02-04T00:00:00,75770.210000,76971.520000,71888.000000,73165.830000,38375.360000
2026-02-05T00:00:00,73165.840000,73341.180000,62345.000000,62909.860000,106298.828990
2026-02-06T00:00:00,62909.870000,71751.330000,60000.000000,70580.260000,92539.215310
2026-02-07T00:00:00,70580.260000,71690.070000,67300.000000,69289.380000,44255.480360
2026-02-08T00:00:00,69289.370000,72271.410000,68888.000000,70330.380000,21420.531680
2026-02-09T00:00:00,70330.380000,71453.530000,68308.000000,70138.000000,29152.728420
2026-02-10T00:00:00,70138.000000,70527.590000,67800.000000,68841.290000,20373.770720
2026-02-11T00:00:00,68841.280000,69292.880000,65756.000000,67082.520000,28718.246020
2026-02-12T00:00:00,67082.520000,68410.520000,65118.000000,66272.170000,24271.742830
2026-02-13T00:00:00,66272.170000,69482.970000,65872.460000,68853.960000,20244.549550
2026-02-14T00:00:00,68853.970000,70560.010000,68730.130000,69822.950000,18114.783930
2026-02-15T00:00:00,69822.940000,70983.000000,68000.000000,68832.580000,22290.052080
2026-02-16T00:00:00,68832.590000,70126.670000,67294.110000,68892.430000,15515.765340
2026-02-17T00:00:00,68892.430000,69241.500000,66621.060000,67503.520000,16489.069210
2026-02-18T00:00:00,67503.520000,68476.220000,65870.000000,66461.000000,15492.438390
2026-02-19T00:00:00,66461.000000,67320.000000,65631.830000,67003.730000,14542.269880
2026-02-20T00:00:00,67003.730000,68318.390000,66280.200000,68020.010000,35351.870910
2026-02-21T00:00:00,68020.000000,68698.700000,67534.690000,67975.930000,8032.841310
2026-02-22T00:00:00,67975.930000,68245.000000,67190.000000,67643.400000,8175.134840
2026-02-23T00:00:00,67643.390000,67684.860000,63888.790000,64656.020000,33075.909230
2026-02-24T00:00:00,64656.010000,65026.750000,62510.280000,64058.150000,23102.836220
2026-02-25T00:00:00,64058.150000,69988.830000,63913.270000,67988.040000,30749.992590
2026-02-26T00:00:00,67988.040000,68860.000000,66500.000000,67485.180000,20737.777920
2026-02-27T00:00:00,67485.190000,68216.800000,64914.460000,65872.100000,21228.584240
2026-02-28T00:00:00,65872.090000,67760.000000,63030.000000,66973.260000,22548.716490
2026-03-01T00:00:00,66973.260000,68199.990000,65056.000000,65776.470000,23201.858590
2026-03-02T00:00:00,65776.480000,70096.000000,65259.210000,68830.060000,32010.384310
2026-03-03T00:00:00,68830.060000,69258.080000,66158.000000,68338.000000,24972.241800
2026-03-04T00:00:00,68338.010000,74050.000000,67400.000000,72666.770000,44919.076100
2026-03-05T00:00:00,72666.770000,73558.150000,70645.470000,70890.720000,26590.512530
2026-03-06T00:00:00,70891.020000,71419.980000,67744.780000,68114.020000,22629.887220
2026-03-07T00:00:00,68114.020000,68551.040000,66915.260000,67262.910000,12719.543150
2026-03-08T00:00:00,67262.910000,68200.000000,65618.490000,65971.200000,21593.639010
2026-03-09T00:00:00,65971.200000,69516.650000,65821.970000,68432.160000,28896.721300
2026-03-10T00:00:00,68432.160000,71777.000000,68391.410000,69948.630000,32602.577260
2026-03-11T00:00:00,69948.640000,71321.000000,68977.910000,70191.860000,27249.275420
2026-03-12T00:00:00,70191.860000,70800.000000,69205.910000,70541.340000,21997.160500
2026-03-13T00:00:00,70541.340000,73913.740000,70386.010000,70930.000000,35996.616780
2026-03-14T00:00:00,70930.010000,71307.920000,70317.000000,71211.950000,13017.247370
2026-03-15T00:00:00,71211.950000,73199.000000,70858.820000,72815.240000,14037.307040
2026-03-16T00:00:00,72815.250000,74909.080000,72270.410000,74884.670000,28409.530190
2026-03-17T00:00:00,74884.670000,76000.000000,73399.190000,73909.360000,24521.266360
2026-03-18T00:00:00,73909.370000,74672.340000,70500.000000,71246.540000,23392.880930
2026-03-19T00:00:00,71246.550000,71613.790000,68793.350000,69930.000000,22364.818190
2026-03-20T00:00:00,69930.010000,71367.000000,69388.000000,70510.730000,18121.167450
2026-03-21T00:00:00,70510.730000,71100.940000,68571.420000,68918.120000,13397.167500
2026-03-22T00:00:00,68918.120000,69588.790000,67360.660000,67859.000000,14843.786820
2026-03-23T00:00:00,67859.000000,71817.090000,67445.180000,70906.450000,28335.091190
2026-03-24T00:00:00,70906.450000,71400.000000,68923.070000,70556.740000,20702.422440
2026-03-25T00:00:00,70556.740000,72026.090000,70408.000000,71336.530000,17719.500660
2026-03-26T00:00:00,71336.530000,71436.820000,68153.000000,68820.310000,20820.457680
2026-03-27T00:00:00,68820.310000,69179.050000,65548.250000,66407.280000,28603.695570
2026-03-28T00:00:00,66407.280000,67288.940000,65932.090000,66377.030000,11462.398470
2026-03-29T00:00:00,66377.040000,67130.500000,65000.000000,66010.930000,10052.855840
2026-03-30T00:00:00,66010.930000,68169.650000,65800.590000,66797.370000,18353.389750
2026-03-31T00:00:00,66797.380000,68589.490000,65998.050000,68284.480000,22105.406620
2026-04-01T00:00:00,68284.490000,69310.000000,67578.750000,68113.920000,19020.189900
2026-04-02T00:00:00,68113.920000,68653.380000,65712.120000,66901.990000,20203.479160
2026-04-03T00:00:00,66901.990000,67288.000000,66282.000000,66801.010000,6178.716160
